"Method","Path","Module","QueryParameters","RequestContentTypes","RequestSchemas","DeclaredStatuses","DeclaredResponseSchemas","HasEmptyResponseSchema","HasSecurityRequirement"
"GET","/api/audit","Audit","referenceId; page; pageSize","","","200; 400; 401; 403; 404; 409; 500","200 application/json: {""$ref"":""#/components/schemas/PageResponseOfAuditEvent""}; 400 application/json: {""$ref"":""#/components/schemas/ApiErrorResponse""}; 409 application/json: {""$ref"":""#/components/schemas/ApiErrorResponse""}; 500 application/json: {""$ref"":""#/components/schemas/ApiErrorResponse""}; 401 application/json: {""$ref"":""#/components/schemas/ApiErrorResponse""}; 403 application/json: {""$ref"":""#/components/schemas/ApiErrorResponse""}; 404 application/json: {""$ref"":""#/components/schemas/ApiErrorResponse""}","False","True"
"POST","/api/auth/accept-invitation","Authentication","","application/json","{""$ref"":""#/components/schemas/ResetRequest""}","200; 400; 409; 429; 500","200 application/json: {""$ref"":""#/components/schemas/PasswordChangedResponse""}; 400 application/json: {""$ref"":""#/components/schemas/ApiErrorResponse""}; 409 application/json: {""$ref"":""#/components/schemas/ApiErrorResponse""}; 500 application/json: {""$ref"":""#/components/schemas/ApiErrorResponse""}","False","False"
"POST","/api/auth/forgot-password","Authentication","","application/json","{""$ref"":""#/components/schemas/EmailRequest""}","200; 400; 409; 429; 500","200 application/json: {""$ref"":""#/components/schemas/MessageResponse""}; 400 application/json: {""$ref"":""#/components/schemas/ApiErrorResponse""}; 409 application/json: {""$ref"":""#/components/schemas/ApiErrorResponse""}; 500 application/json: {""$ref"":""#/components/schemas/ApiErrorResponse""}","False","False"
"POST","/api/auth/login","Authentication","","application/json","{""$ref"":""#/components/schemas/LoginRequest""}","200; 400; 401; 409; 429; 500","200 application/json: {""$ref"":""#/components/schemas/AccessTokenResponse""}; 400 application/json: {""$ref"":""#/components/schemas/ApiErrorResponse""}; 409 application/json: {""$ref"":""#/components/schemas/ApiErrorResponse""}; 500 application/json: {""$ref"":""#/components/schemas/ApiErrorResponse""}; 401 application/json: {""required"":[""error""],""type"":""object"",""properties"":{""error"":{""type"":""string""}},""additionalProperties"":false}","False","False"
"POST","/api/auth/logout","Authentication","","","","204; 400; 401; 403; 404; 409; 429; 500","400 application/json: {""$ref"":""#/components/schemas/ApiErrorResponse""}; 409 application/json: {""$ref"":""#/components/schemas/ApiErrorResponse""}; 500 application/json: {""$ref"":""#/components/schemas/ApiErrorResponse""}; 401 application/json: {""$ref"":""#/components/schemas/ApiErrorResponse""}; 403 application/json: {""$ref"":""#/components/schemas/ApiErrorResponse""}; 404 application/json: {""$ref"":""#/components/schemas/ApiErrorResponse""}","False","True"
"GET","/api/auth/me","Authentication","","","","200; 400; 401; 403; 404; 409; 429; 500","200 application/json: {""$ref"":""#/components/schemas/UserResponse""}; 400 application/json: {""$ref"":""#/components/schemas/ApiErrorResponse""}; 409 application/json: {""$ref"":""#/components/schemas/ApiErrorResponse""}; 500 application/json: {""$ref"":""#/components/schemas/ApiErrorResponse""}; 401 application/json: {""$ref"":""#/components/schemas/ApiErrorResponse""}; 403 application/json: {""$ref"":""#/components/schemas/ApiErrorResponse""}; 404 application/json: {""$ref"":""#/components/schemas/ApiErrorResponse""}","False","True"
"POST","/api/auth/refresh","Authentication","","application/json","{""$ref"":""#/components/schemas/RefreshRequest""}","200; 400; 401; 409; 429; 500","200 application/json: {""$ref"":""#/components/schemas/AccessTokenResponse""}; 400 application/json: {""$ref"":""#/components/schemas/ApiErrorResponse""}; 409 application/json: {""$ref"":""#/components/schemas/ApiErrorResponse""}; 500 application/json: {""$ref"":""#/components/schemas/ApiErrorResponse""}","False","False"
"POST","/api/auth/register","Authentication","","application/json","{""$ref"":""#/components/schemas/RegisterRequest""}","201; 400; 409; 429; 500","201 application/json: {""$ref"":""#/components/schemas/UserResponse""}; 400 application/json: {""$ref"":""#/components/schemas/ApiErrorResponse""}; 409 application/json: {""$ref"":""#/components/schemas/ApiErrorResponse""}; 500 application/json: {""$ref"":""#/components/schemas/ApiErrorResponse""}","False","False"
"POST","/api/auth/resend-verification","Authentication","","application/json","{""$ref"":""#/components/schemas/EmailRequest""}","200; 400; 409; 429; 500","200 application/json: {""$ref"":""#/components/schemas/MessageResponse""}; 400 application/json: {""$ref"":""#/components/schemas/ApiErrorResponse""}; 409 application/json: {""$ref"":""#/components/schemas/ApiErrorResponse""}; 500 application/json: {""$ref"":""#/components/schemas/ApiErrorResponse""}","False","False"
"POST","/api/auth/reset-password","Authentication","","application/json","{""$ref"":""#/components/schemas/ResetRequest""}","200; 400; 409; 429; 500","200 application/json: {""$ref"":""#/components/schemas/PasswordChangedResponse""}; 400 application/json: {""$ref"":""#/components/schemas/ApiErrorResponse""}; 409 application/json: {""$ref"":""#/components/schemas/ApiErrorResponse""}; 500 application/json: {""$ref"":""#/components/schemas/ApiErrorResponse""}","False","False"
"POST","/api/auth/verify-email","Authentication","","application/json","{""$ref"":""#/components/schemas/VerifyRequest""}","200; 400; 409; 429; 500","200 application/json: {""$ref"":""#/components/schemas/VerificationResponse""}; 400 application/json: {""$ref"":""#/components/schemas/ApiErrorResponse""}; 409 application/json: {""$ref"":""#/components/schemas/ApiErrorResponse""}; 500 application/json: {""$ref"":""#/components/schemas/ApiErrorResponse""}","False","False"
"GET","/api/care/incidents","Care and stable","horseId; page; pageSize","","","200; 400; 401; 403; 404; 409; 500","200 application/json: {""$ref"":""#/components/schemas/PageResponseOfIncident""}; 400 application/json: {""$ref"":""#/components/schemas/ApiErrorResponse""}; 409 application/json: {""$ref"":""#/components/schemas/ApiErrorResponse""}; 500 application/json: {""$ref"":""#/components/schemas/ApiErrorResponse""}; 401 application/json: {""$ref"":""#/components/schemas/ApiErrorResponse""}; 403 application/json: {""$ref"":""#/components/schemas/ApiErrorResponse""}; 404 application/json: {""$ref"":""#/components/schemas/ApiErrorResponse""}","False","True"
"POST","/api/care/incidents","Care and stable","","application/json","{""$ref"":""#/components/schemas/IncidentRequest""}","200; 400; 401; 403; 404; 409; 500","200 application/json: {""$ref"":""#/components/schemas/Incident""}; 400 application/json: {""$ref"":""#/components/schemas/ApiErrorResponse""}; 409 application/json: {""$ref"":""#/components/schemas/ApiErrorResponse""}; 500 application/json: {""$ref"":""#/components/schemas/ApiErrorResponse""}; 401 application/json: {""$ref"":""#/components/schemas/ApiErrorResponse""}; 403 application/json: {""$ref"":""#/components/schemas/ApiErrorResponse""}; 404 application/json: {""$ref"":""#/components/schemas/ApiErrorResponse""}","False","True"
"POST","/api/care/incidents/{id}/resolve","Care and stable","","","","204; 400; 401; 403; 404; 409; 500","400 application/json: {""$ref"":""#/components/schemas/ApiErrorResponse""}; 409 application/json: {""$ref"":""#/components/schemas/ApiErrorResponse""}; 500 application/json: {""$ref"":""#/components/schemas/ApiErrorResponse""}; 401 application/json: {""$ref"":""#/components/schemas/ApiErrorResponse""}; 403 application/json: {""$ref"":""#/components/schemas/ApiErrorResponse""}; 404 application/json: {""$ref"":""#/components/schemas/ApiErrorResponse""}","False","True"
"GET","/api/care/incidents/{incidentId}/photos","Incident photos","","","","200; 400; 401; 403; 404; 409; 500","200 application/json: {""type"":""array"",""items"":{""$ref"":""#/components/schemas/IncidentPhotoResponse""}}; 400 application/json: {""$ref"":""#/components/schemas/ApiErrorResponse""}; 409 application/json: {""$ref"":""#/components/schemas/ApiErrorResponse""}; 500 application/json: {""$ref"":""#/components/schemas/ApiErrorResponse""}; 401 application/json: {""$ref"":""#/components/schemas/ApiErrorResponse""}; 403 application/json: {""$ref"":""#/components/schemas/ApiErrorResponse""}; 404 application/json: {""$ref"":""#/components/schemas/ApiErrorResponse""}","False","True"
"POST","/api/care/incidents/{incidentId}/photos","Incident photos","","multipart/form-data","{""required"":[""file""],""type"":""object"",""properties"":{""file"":{""type"":""string"",""description"":""One PNG/JPEG image; registration attachments also allow PDF except HorsePhoto. File extension must match content."",""format"":""binary""}}}","201; 400; 401; 403; 404; 409; 413; 429; 500","201 application/json: {""$ref"":""#/components/schemas/IncidentPhotoCreatedResponse""}; 400 application/json: {""$ref"":""#/components/schemas/ApiErrorResponse""}; 409 application/json: {""$ref"":""#/components/schemas/ApiErrorResponse""}; 500 application/json: {""$ref"":""#/components/schemas/ApiErrorResponse""}; 401 application/json: {""$ref"":""#/components/schemas/ApiErrorResponse""}; 403 application/json: {""$ref"":""#/components/schemas/ApiErrorResponse""}; 404 application/json: {""$ref"":""#/components/schemas/ApiErrorResponse""}","False","True"
"GET","/api/care/incidents/{incidentId}/photos/{id}","Incident photos","","","","200; 400; 401; 403; 404; 409; 500","200 image/png: {""type"":""string"",""format"":""binary""}; 200 image/jpeg: {""type"":""string"",""format"":""binary""}; 400 application/json: {""$ref"":""#/components/schemas/ApiErrorResponse""}; 409 application/json: {""$ref"":""#/components/schemas/ApiErrorResponse""}; 500 application/json: {""$ref"":""#/components/schemas/ApiErrorResponse""}; 401 application/json: {""$ref"":""#/components/schemas/ApiErrorResponse""}; 403 application/json: {""$ref"":""#/components/schemas/ApiErrorResponse""}; 404 application/json: {""$ref"":""#/components/schemas/ApiErrorResponse""}","False","True"
"GET","/api/care/stables","Care and stable","page; pageSize","","","200; 400; 401; 403; 404; 409; 500","200 application/json: {""$ref"":""#/components/schemas/PageResponseOfStable""}; 400 application/json: {""$ref"":""#/components/schemas/ApiErrorResponse""}; 409 application/json: {""$ref"":""#/components/schemas/ApiErrorResponse""}; 500 application/json: {""$ref"":""#/components/schemas/ApiErrorResponse""}; 401 application/json: {""$ref"":""#/components/schemas/ApiErrorResponse""}; 403 application/json: {""$ref"":""#/components/schemas/ApiErrorResponse""}; 404 application/json: {""$ref"":""#/components/schemas/ApiErrorResponse""}","False","True"
"POST","/api/care/stables","Care and stable","","application/json","{""$ref"":""#/components/schemas/NameRequest""}","200; 400; 401; 403; 404; 409; 500","200 application/json: {""$ref"":""#/components/schemas/Stable""}; 400 application/json: {""$ref"":""#/components/schemas/ApiErrorResponse""}; 409 application/json: {""$ref"":""#/components/schemas/ApiErrorResponse""}; 500 application/json: {""$ref"":""#/components/schemas/ApiErrorResponse""}; 401 application/json: {""$ref"":""#/components/schemas/ApiErrorResponse""}; 403 application/json: {""$ref"":""#/components/schemas/ApiErrorResponse""}; 404 application/json: {""$ref"":""#/components/schemas/ApiErrorResponse""}","False","True"
"GET","/api/care/stalls","Care and stable","stableId; page; pageSize","","","200; 400; 401; 403; 404; 409; 500","200 application/json: {""$ref"":""#/components/schemas/PageResponseOfStallSummaryResponse""}; 400 application/json: {""$ref"":""#/components/schemas/ApiErrorResponse""}; 409 application/json: {""$ref"":""#/components/schemas/ApiErrorResponse""}; 500 application/json: {""$ref"":""#/components/schemas/ApiErrorResponse""}; 401 application/json: {""$ref"":""#/components/schemas/ApiErrorResponse""}; 403 application/json: {""$ref"":""#/components/schemas/ApiErrorResponse""}; 404 application/json: {""$ref"":""#/components/schemas/ApiErrorResponse""}","False","True"
"POST","/api/care/stalls","Care and stable","","application/json","{""$ref"":""#/components/schemas/StallRequest""}","200; 400; 401; 403; 404; 409; 500","200 application/json: {""$ref"":""#/components/schemas/Stall""}; 400 application/json: {""$ref"":""#/components/schemas/ApiErrorResponse""}; 409 application/json: {""$ref"":""#/components/schemas/ApiErrorResponse""}; 500 application/json: {""$ref"":""#/components/schemas/ApiErrorResponse""}; 401 application/json: {""$ref"":""#/components/schemas/ApiErrorResponse""}; 403 application/json: {""$ref"":""#/components/schemas/ApiErrorResponse""}; 404 application/json: {""$ref"":""#/components/schemas/ApiErrorResponse""}","False","True"
"POST","/api/care/stalls/{id}/cleaned","Care and stable","","","","204; 400; 401; 403; 404; 409; 500","400 application/json: {""$ref"":""#/components/schemas/ApiErrorResponse""}; 409 application/json: {""$ref"":""#/components/schemas/ApiErrorResponse""}; 500 application/json: {""$ref"":""#/components/schemas/ApiErrorResponse""}; 401 application/json: {""$ref"":""#/components/schemas/ApiErrorResponse""}; 403 application/json: {""$ref"":""#/components/schemas/ApiErrorResponse""}; 404 application/json: {""$ref"":""#/components/schemas/ApiErrorResponse""}","False","True"
"POST","/api/care/stalls/{id}/occupancy","Care and stable","","application/json","{""$ref"":""#/components/schemas/OccupancyRequest""}","200; 400; 401; 403; 404; 409; 500","200 application/json: {""$ref"":""#/components/schemas/StallOccupancy""}; 400 application/json: {""$ref"":""#/components/schemas/ApiErrorResponse""}; 409 application/json: {""$ref"":""#/components/schemas/ApiErrorResponse""}; 500 application/json: {""$ref"":""#/components/schemas/ApiErrorResponse""}; 401 application/json: {""$ref"":""#/components/schemas/ApiErrorResponse""}; 403 application/json: {""$ref"":""#/components/schemas/ApiErrorResponse""}; 404 application/json: {""$ref"":""#/components/schemas/ApiErrorResponse""}","False","True"
"POST","/api/care/stalls/{id}/vacate","Care and stable","","","","204; 400; 401; 403; 404; 409; 500","400 application/json: {""$ref"":""#/components/schemas/ApiErrorResponse""}; 409 application/json: {""$ref"":""#/components/schemas/ApiErrorResponse""}; 500 application/json: {""$ref"":""#/components/schemas/ApiErrorResponse""}; 401 application/json: {""$ref"":""#/components/schemas/ApiErrorResponse""}; 403 application/json: {""$ref"":""#/components/schemas/ApiErrorResponse""}; 404 application/json: {""$ref"":""#/components/schemas/ApiErrorResponse""}","False","True"
"GET","/api/care/tasks","Care and stable","horseId; status; from; to; page; pageSize","","","200; 400; 401; 403; 404; 409; 500","200 application/json: {""$ref"":""#/components/schemas/PageResponseOfCareTaskSummaryResponse""}; 400 application/json: {""$ref"":""#/components/schemas/ApiErrorResponse""}; 409 application/json: {""$ref"":""#/components/schemas/ApiErrorResponse""}; 500 application/json: {""$ref"":""#/components/schemas/ApiErrorResponse""}; 401 application/json: {""$ref"":""#/components/schemas/ApiErrorResponse""}; 403 application/json: {""$ref"":""#/components/schemas/ApiErrorResponse""}; 404 application/json: {""$ref"":""#/components/schemas/ApiErrorResponse""}","False","True"
"POST","/api/care/tasks","Care and stable","","application/json","{""$ref"":""#/components/schemas/CareRequest""}","200; 400; 401; 403; 404; 409; 500","200 application/json: {""$ref"":""#/components/schemas/CareTask""}; 400 application/json: {""$ref"":""#/components/schemas/ApiErrorResponse""}; 409 application/json: {""$ref"":""#/components/schemas/ApiErrorResponse""}; 500 application/json: {""$ref"":""#/components/schemas/ApiErrorResponse""}; 401 application/json: {""$ref"":""#/components/schemas/ApiErrorResponse""}; 403 application/json: {""$ref"":""#/components/schemas/ApiErrorResponse""}; 404 application/json: {""$ref"":""#/components/schemas/ApiErrorResponse""}","False","True"
"POST","/api/care/tasks/{id}/record","Care and stable","","application/json","{""$ref"":""#/components/schemas/CareCompletionRequest""}","200; 400; 401; 403; 404; 409; 500","200 application/json: {""$ref"":""#/components/schemas/CareTask""}; 400 application/json: {""$ref"":""#/components/schemas/ApiErrorResponse""}; 409 application/json: {""$ref"":""#/components/schemas/ApiErrorResponse""}; 500 application/json: {""$ref"":""#/components/schemas/ApiErrorResponse""}; 401 application/json: {""$ref"":""#/components/schemas/ApiErrorResponse""}; 403 application/json: {""$ref"":""#/components/schemas/ApiErrorResponse""}; 404 application/json: {""$ref"":""#/components/schemas/ApiErrorResponse""}","False","True"
"GET","/api/dashboard","Dashboard","","","","200; 400; 401; 403; 404; 409; 500","200 application/json: {""$ref"":""#/components/schemas/DashboardResponse""}; 400 application/json: {""$ref"":""#/components/schemas/ApiErrorResponse""}; 409 application/json: {""$ref"":""#/components/schemas/ApiErrorResponse""}; 500 application/json: {""$ref"":""#/components/schemas/ApiErrorResponse""}; 401 application/json: {""$ref"":""#/components/schemas/ApiErrorResponse""}; 403 application/json: {""$ref"":""#/components/schemas/ApiErrorResponse""}; 404 application/json: {""$ref"":""#/components/schemas/ApiErrorResponse""}","False","True"
"GET","/api/horses","Horses","search; healthStatus; page; pageSize","","","200; 400; 401; 403; 404; 409; 500","200 application/json: {""$ref"":""#/components/schemas/PageResponseOfHorse""}; 400 application/json: {""$ref"":""#/components/schemas/ApiErrorResponse""}; 409 application/json: {""$ref"":""#/components/schemas/ApiErrorResponse""}; 500 application/json: {""$ref"":""#/components/schemas/ApiErrorResponse""}; 401 application/json: {""$ref"":""#/components/schemas/ApiErrorResponse""}; 403 application/json: {""$ref"":""#/components/schemas/ApiErrorResponse""}; 404 application/json: {""$ref"":""#/components/schemas/ApiErrorResponse""}","False","True"
"GET","/api/horses/{horseId}/medical/follow-ups","Medical","page; pageSize","","","200; 400; 401; 403; 404; 409; 500","200 application/json: {""$ref"":""#/components/schemas/PageResponseOfMedicalFollowUp""}; 400 application/json: {""$ref"":""#/components/schemas/ApiErrorResponse""}; 409 application/json: {""$ref"":""#/components/schemas/ApiErrorResponse""}; 500 application/json: {""$ref"":""#/components/schemas/ApiErrorResponse""}; 401 application/json: {""$ref"":""#/components/schemas/ApiErrorResponse""}; 403 application/json: {""$ref"":""#/components/schemas/ApiErrorResponse""}; 404 application/json: {""$ref"":""#/components/schemas/ApiErrorResponse""}","False","True"
"POST","/api/horses/{horseId}/medical/follow-ups","Medical","","application/json","{""$ref"":""#/components/schemas/FollowUpRequest""}","200; 400; 401; 403; 404; 409; 500","200 application/json: {""$ref"":""#/components/schemas/MedicalFollowUp""}; 400 application/json: {""$ref"":""#/components/schemas/ApiErrorResponse""}; 409 application/json: {""$ref"":""#/components/schemas/ApiErrorResponse""}; 500 application/json: {""$ref"":""#/components/schemas/ApiErrorResponse""}; 401 application/json: {""$ref"":""#/components/schemas/ApiErrorResponse""}; 403 application/json: {""$ref"":""#/components/schemas/ApiErrorResponse""}; 404 application/json: {""$ref"":""#/components/schemas/ApiErrorResponse""}","False","True"
"GET","/api/horses/{horseId}/medical/injuries","Medical","page; pageSize","","","200; 400; 401; 403; 404; 409; 500","200 application/json: {""$ref"":""#/components/schemas/PageResponseOfInjury""}; 400 application/json: {""$ref"":""#/components/schemas/ApiErrorResponse""}; 409 application/json: {""$ref"":""#/components/schemas/ApiErrorResponse""}; 500 application/json: {""$ref"":""#/components/schemas/ApiErrorResponse""}; 401 application/json: {""$ref"":""#/components/schemas/ApiErrorResponse""}; 403 application/json: {""$ref"":""#/components/schemas/ApiErrorResponse""}; 404 application/json: {""$ref"":""#/components/schemas/ApiErrorResponse""}","False","True"
"POST","/api/horses/{horseId}/medical/injuries","Medical","","application/json","{""$ref"":""#/components/schemas/InjuryRequest""}","200; 400; 401; 403; 404; 409; 500","200 application/json: {""$ref"":""#/components/schemas/Injury""}; 400 application/json: {""$ref"":""#/components/schemas/ApiErrorResponse""}; 409 application/json: {""$ref"":""#/components/schemas/ApiErrorResponse""}; 500 application/json: {""$ref"":""#/components/schemas/ApiErrorResponse""}; 401 application/json: {""$ref"":""#/components/schemas/ApiErrorResponse""}; 403 application/json: {""$ref"":""#/components/schemas/ApiErrorResponse""}; 404 application/json: {""$ref"":""#/components/schemas/ApiErrorResponse""}","False","True"
"GET","/api/horses/{horseId}/medical/preventive-care","Medical","page; pageSize","","","200; 400; 401; 403; 404; 409; 500","200 application/json: {""$ref"":""#/components/schemas/PageResponseOfPreventiveCareSummaryResponse""}; 400 application/json: {""$ref"":""#/components/schemas/ApiErrorResponse""}; 409 application/json: {""$ref"":""#/components/schemas/ApiErrorResponse""}; 500 application/json: {""$ref"":""#/components/schemas/ApiErrorResponse""}; 401 application/json: {""$ref"":""#/components/schemas/ApiErrorResponse""}; 403 application/json: {""$ref"":""#/components/schemas/ApiErrorResponse""}; 404 application/json: {""$ref"":""#/components/schemas/ApiErrorResponse""}","False","True"
"POST","/api/horses/{horseId}/medical/preventive-care","Medical","","application/json","{""$ref"":""#/components/schemas/PreventiveRequest""}","200; 400; 401; 403; 404; 409; 500","200 application/json: {""$ref"":""#/components/schemas/PreventiveCare""}; 400 application/json: {""$ref"":""#/components/schemas/ApiErrorResponse""}; 409 application/json: {""$ref"":""#/components/schemas/ApiErrorResponse""}; 500 application/json: {""$ref"":""#/components/schemas/ApiErrorResponse""}; 401 application/json: {""$ref"":""#/components/schemas/ApiErrorResponse""}; 403 application/json: {""$ref"":""#/components/schemas/ApiErrorResponse""}; 404 application/json: {""$ref"":""#/components/schemas/ApiErrorResponse""}","False","True"
"POST","/api/horses/{horseId}/medical/preventive-care/{id}/complete","Medical","","application/json","{""$ref"":""#/components/schemas/PreventiveCompletionRequest""}","204; 400; 401; 403; 404; 409; 500","400 application/json: {""$ref"":""#/components/schemas/ApiErrorResponse""}; 409 application/json: {""$ref"":""#/components/schemas/ApiErrorResponse""}; 500 application/json: {""$ref"":""#/components/schemas/ApiErrorResponse""}; 401 application/json: {""$ref"":""#/components/schemas/ApiErrorResponse""}; 403 application/json: {""$ref"":""#/components/schemas/ApiErrorResponse""}; 404 application/json: {""$ref"":""#/components/schemas/ApiErrorResponse""}","False","True"
"GET","/api/horses/{horseId}/medical/records","Medical","page; pageSize","","","200; 400; 401; 403; 404; 409; 500","200 application/json: {""$ref"":""#/components/schemas/PageResponseOfMedicalRecord""}; 400 application/json: {""$ref"":""#/components/schemas/ApiErrorResponse""}; 409 application/json: {""$ref"":""#/components/schemas/ApiErrorResponse""}; 500 application/json: {""$ref"":""#/components/schemas/ApiErrorResponse""}; 401 application/json: {""$ref"":""#/components/schemas/ApiErrorResponse""}; 403 application/json: {""$ref"":""#/components/schemas/ApiErrorResponse""}; 404 application/json: {""$ref"":""#/components/schemas/ApiErrorResponse""}","False","True"
"POST","/api/horses/{horseId}/medical/records","Medical","","application/json","{""$ref"":""#/components/schemas/MedicalRequest""}","201; 400; 401; 403; 404; 409; 500","201 application/json: {""$ref"":""#/components/schemas/MedicalRecord""}; 400 application/json: {""$ref"":""#/components/schemas/ApiErrorResponse""}; 409 application/json: {""$ref"":""#/components/schemas/ApiErrorResponse""}; 500 application/json: {""$ref"":""#/components/schemas/ApiErrorResponse""}; 401 application/json: {""$ref"":""#/components/schemas/ApiErrorResponse""}; 403 application/json: {""$ref"":""#/components/schemas/ApiErrorResponse""}; 404 application/json: {""$ref"":""#/components/schemas/ApiErrorResponse""}","False","True"
"PUT","/api/horses/{horseId}/medical/records/{id}","Medical","","application/json","{""$ref"":""#/components/schemas/MedicalRequest""}","200; 400; 401; 403; 404; 409; 500","200 application/json: {""$ref"":""#/components/schemas/MedicalRecord""}; 400 application/json: {""$ref"":""#/components/schemas/ApiErrorResponse""}; 409 application/json: {""$ref"":""#/components/schemas/ApiErrorResponse""}; 500 application/json: {""$ref"":""#/components/schemas/ApiErrorResponse""}; 401 application/json: {""$ref"":""#/components/schemas/ApiErrorResponse""}; 403 application/json: {""$ref"":""#/components/schemas/ApiErrorResponse""}; 404 application/json: {""$ref"":""#/components/schemas/ApiErrorResponse""}","False","True"
"GET","/api/horses/{horseId}/medical/restrictions","Medical","page; pageSize","","","200; 400; 401; 403; 404; 409; 500","200 application/json: {""$ref"":""#/components/schemas/PageResponseOfMedicalRestriction""}; 400 application/json: {""$ref"":""#/components/schemas/ApiErrorResponse""}; 409 application/json: {""$ref"":""#/components/schemas/ApiErrorResponse""}; 500 application/json: {""$ref"":""#/components/schemas/ApiErrorResponse""}; 401 application/json: {""$ref"":""#/components/schemas/ApiErrorResponse""}; 403 application/json: {""$ref"":""#/components/schemas/ApiErrorResponse""}; 404 application/json: {""$ref"":""#/components/schemas/ApiErrorResponse""}","False","True"
"POST","/api/horses/{horseId}/medical/restrictions","Medical","","application/json","{""$ref"":""#/components/schemas/RestrictionRequest""}","200; 400; 401; 403; 404; 409; 500","200 application/json: {""$ref"":""#/components/schemas/MedicalRestriction""}; 400 application/json: {""$ref"":""#/components/schemas/ApiErrorResponse""}; 409 application/json: {""$ref"":""#/components/schemas/ApiErrorResponse""}; 500 application/json: {""$ref"":""#/components/schemas/ApiErrorResponse""}; 401 application/json: {""$ref"":""#/components/schemas/ApiErrorResponse""}; 403 application/json: {""$ref"":""#/components/schemas/ApiErrorResponse""}; 404 application/json: {""$ref"":""#/components/schemas/ApiErrorResponse""}","False","True"
"GET","/api/horses/{horseId}/medical/summary","Medical","","","","200; 400; 401; 403; 404; 409; 500","200 application/json: {""$ref"":""#/components/schemas/MedicalSummaryResponse""}; 400 application/json: {""$ref"":""#/components/schemas/ApiErrorResponse""}; 409 application/json: {""$ref"":""#/components/schemas/ApiErrorResponse""}; 500 application/json: {""$ref"":""#/components/schemas/ApiErrorResponse""}; 401 application/json: {""$ref"":""#/components/schemas/ApiErrorResponse""}; 403 application/json: {""$ref"":""#/components/schemas/ApiErrorResponse""}; 404 application/json: {""$ref"":""#/components/schemas/ApiErrorResponse""}","False","True"
"GET","/api/horses/{horseId}/medical/treatments","Medical","page; pageSize","","","200; 400; 401; 403; 404; 409; 500","200 application/json: {""$ref"":""#/components/schemas/PageResponseOfTreatmentPlan""}; 400 application/json: {""$ref"":""#/components/schemas/ApiErrorResponse""}; 409 application/json: {""$ref"":""#/components/schemas/ApiErrorResponse""}; 500 application/json: {""$ref"":""#/components/schemas/ApiErrorResponse""}; 401 application/json: {""$ref"":""#/components/schemas/ApiErrorResponse""}; 403 application/json: {""$ref"":""#/components/schemas/ApiErrorResponse""}; 404 application/json: {""$ref"":""#/components/schemas/ApiErrorResponse""}","False","True"
"POST","/api/horses/{horseId}/medical/treatments","Medical","","application/json","{""$ref"":""#/components/schemas/TreatmentRequest""}","200; 400; 401; 403; 404; 409; 500","200 application/json: {""$ref"":""#/components/schemas/TreatmentPlan""}; 400 application/json: {""$ref"":""#/components/schemas/ApiErrorResponse""}; 409 application/json: {""$ref"":""#/components/schemas/ApiErrorResponse""}; 500 application/json: {""$ref"":""#/components/schemas/ApiErrorResponse""}; 401 application/json: {""$ref"":""#/components/schemas/ApiErrorResponse""}; 403 application/json: {""$ref"":""#/components/schemas/ApiErrorResponse""}; 404 application/json: {""$ref"":""#/components/schemas/ApiErrorResponse""}","False","True"
"GET","/api/horses/{horseId}/photo","Attachments","","","","200; 400; 401; 403; 404; 409; 500","200 image/png: {""type"":""string"",""format"":""binary""}; 200 image/jpeg: {""type"":""string"",""format"":""binary""}; 400 application/json: {""$ref"":""#/components/schemas/ApiErrorResponse""}; 409 application/json: {""$ref"":""#/components/schemas/ApiErrorResponse""}; 500 application/json: {""$ref"":""#/components/schemas/ApiErrorResponse""}; 401 application/json: {""$ref"":""#/components/schemas/ApiErrorResponse""}; 403 application/json: {""$ref"":""#/components/schemas/ApiErrorResponse""}; 404 application/json: {""$ref"":""#/components/schemas/ApiErrorResponse""}","False","True"
"GET","/api/horses/{id}","Horses","","","","200; 400; 401; 403; 404; 409; 500","200 application/json: {""$ref"":""#/components/schemas/HorseDetailResponse""}; 400 application/json: {""$ref"":""#/components/schemas/ApiErrorResponse""}; 409 application/json: {""$ref"":""#/components/schemas/ApiErrorResponse""}; 500 application/json: {""$ref"":""#/components/schemas/ApiErrorResponse""}; 401 application/json: {""$ref"":""#/components/schemas/ApiErrorResponse""}; 403 application/json: {""$ref"":""#/components/schemas/ApiErrorResponse""}; 404 application/json: {""$ref"":""#/components/schemas/ApiErrorResponse""}","False","True"
"POST","/api/horses/{id}/archive","Horses","","","","204; 400; 401; 403; 404; 409; 500","400 application/json: {""$ref"":""#/components/schemas/ApiErrorResponse""}; 409 application/json: {""$ref"":""#/components/schemas/ApiErrorResponse""}; 500 application/json: {""$ref"":""#/components/schemas/ApiErrorResponse""}; 401 application/json: {""$ref"":""#/components/schemas/ApiErrorResponse""}; 403 application/json: {""$ref"":""#/components/schemas/ApiErrorResponse""}; 404 application/json: {""$ref"":""#/components/schemas/ApiErrorResponse""}","False","True"
"POST","/api/horses/{id}/assignments","Horses","","application/json","{""$ref"":""#/components/schemas/AssignmentRequest""}","200; 400; 401; 403; 404; 409; 500","200 application/json: {""$ref"":""#/components/schemas/StaffAssignment""}; 400 application/json: {""$ref"":""#/components/schemas/ApiErrorResponse""}; 409 application/json: {""$ref"":""#/components/schemas/ApiErrorResponse""}; 500 application/json: {""$ref"":""#/components/schemas/ApiErrorResponse""}; 401 application/json: {""$ref"":""#/components/schemas/ApiErrorResponse""}; 403 application/json: {""$ref"":""#/components/schemas/ApiErrorResponse""}; 404 application/json: {""$ref"":""#/components/schemas/ApiErrorResponse""}","False","True"
"GET","/api/horses/{id}/measurements","Horses","page; pageSize","","","200; 400; 401; 403; 404; 409; 500","200 application/json: {""$ref"":""#/components/schemas/PageResponseOfMeasurement""}; 400 application/json: {""$ref"":""#/components/schemas/ApiErrorResponse""}; 409 application/json: {""$ref"":""#/components/schemas/ApiErrorResponse""}; 500 application/json: {""$ref"":""#/components/schemas/ApiErrorResponse""}; 401 application/json: {""$ref"":""#/components/schemas/ApiErrorResponse""}; 403 application/json: {""$ref"":""#/components/schemas/ApiErrorResponse""}; 404 application/json: {""$ref"":""#/components/schemas/ApiErrorResponse""}","False","True"
"POST","/api/horses/{id}/measurements","Horses","","application/json","{""$ref"":""#/components/schemas/MeasurementRequest""}","200; 400; 401; 403; 404; 409; 500","200 application/json: {""$ref"":""#/components/schemas/Measurement""}; 400 application/json: {""$ref"":""#/components/schemas/ApiErrorResponse""}; 409 application/json: {""$ref"":""#/components/schemas/ApiErrorResponse""}; 500 application/json: {""$ref"":""#/components/schemas/ApiErrorResponse""}; 401 application/json: {""$ref"":""#/components/schemas/ApiErrorResponse""}; 403 application/json: {""$ref"":""#/components/schemas/ApiErrorResponse""}; 404 application/json: {""$ref"":""#/components/schemas/ApiErrorResponse""}","False","True"
"GET","/api/inventory","Inventory","lowStock; page; pageSize","","","200; 400; 401; 403; 404; 409; 500","200 application/json: {""$ref"":""#/components/schemas/PageResponseOfInventoryItem""}; 400 application/json: {""$ref"":""#/components/schemas/ApiErrorResponse""}; 409 application/json: {""$ref"":""#/components/schemas/ApiErrorResponse""}; 500 application/json: {""$ref"":""#/components/schemas/ApiErrorResponse""}; 401 application/json: {""$ref"":""#/components/schemas/ApiErrorResponse""}; 403 application/json: {""$ref"":""#/components/schemas/ApiErrorResponse""}; 404 application/json: {""$ref"":""#/components/schemas/ApiErrorResponse""}","False","True"
"POST","/api/inventory","Inventory","","application/json","{""$ref"":""#/components/schemas/InventoryRequest""}","200; 400; 401; 403; 404; 409; 500","200 application/json: {""$ref"":""#/components/schemas/InventoryItem""}; 400 application/json: {""$ref"":""#/components/schemas/ApiErrorResponse""}; 409 application/json: {""$ref"":""#/components/schemas/ApiErrorResponse""}; 500 application/json: {""$ref"":""#/components/schemas/ApiErrorResponse""}; 401 application/json: {""$ref"":""#/components/schemas/ApiErrorResponse""}; 403 application/json: {""$ref"":""#/components/schemas/ApiErrorResponse""}; 404 application/json: {""$ref"":""#/components/schemas/ApiErrorResponse""}","False","True"
"POST","/api/inventory/{id}/archive","Inventory","","","","204; 400; 401; 403; 404; 409; 500","400 application/json: {""$ref"":""#/components/schemas/ApiErrorResponse""}; 409 application/json: {""$ref"":""#/components/schemas/ApiErrorResponse""}; 500 application/json: {""$ref"":""#/components/schemas/ApiErrorResponse""}; 401 application/json: {""$ref"":""#/components/schemas/ApiErrorResponse""}; 403 application/json: {""$ref"":""#/components/schemas/ApiErrorResponse""}; 404 application/json: {""$ref"":""#/components/schemas/ApiErrorResponse""}","False","True"
"GET","/api/inventory/{id}/movements","Inventory","page; pageSize","","","200; 400; 401; 403; 404; 409; 500","200 application/json: {""$ref"":""#/components/schemas/PageResponseOfStockMovement""}; 400 application/json: {""$ref"":""#/components/schemas/ApiErrorResponse""}; 409 application/json: {""$ref"":""#/components/schemas/ApiErrorResponse""}; 500 application/json: {""$ref"":""#/components/schemas/ApiErrorResponse""}; 401 application/json: {""$ref"":""#/components/schemas/ApiErrorResponse""}; 403 application/json: {""$ref"":""#/components/schemas/ApiErrorResponse""}; 404 application/json: {""$ref"":""#/components/schemas/ApiErrorResponse""}","False","True"
"POST","/api/inventory/{id}/movements","Inventory","","application/json","{""$ref"":""#/components/schemas/MovementRequest""}","200; 400; 401; 403; 404; 409; 500","200 application/json: {""$ref"":""#/components/schemas/StockMovementResponse""}; 400 application/json: {""$ref"":""#/components/schemas/ApiErrorResponse""}; 409 application/json: {""$ref"":""#/components/schemas/ApiErrorResponse""}; 500 application/json: {""$ref"":""#/components/schemas/ApiErrorResponse""}; 401 application/json: {""$ref"":""#/components/schemas/ApiErrorResponse""}; 403 application/json: {""$ref"":""#/components/schemas/ApiErrorResponse""}; 404 application/json: {""$ref"":""#/components/schemas/ApiErrorResponse""}","False","True"
"GET","/api/inventory/replenishments","Inventory","page; pageSize","","","200; 400; 401; 403; 404; 409; 500","200 application/json: {""$ref"":""#/components/schemas/PageResponseOfReplenishmentRequest""}; 400 application/json: {""$ref"":""#/components/schemas/ApiErrorResponse""}; 409 application/json: {""$ref"":""#/components/schemas/ApiErrorResponse""}; 500 application/json: {""$ref"":""#/components/schemas/ApiErrorResponse""}; 401 application/json: {""$ref"":""#/components/schemas/ApiErrorResponse""}; 403 application/json: {""$ref"":""#/components/schemas/ApiErrorResponse""}; 404 application/json: {""$ref"":""#/components/schemas/ApiErrorResponse""}","False","True"
"POST","/api/inventory/replenishments","Inventory","","application/json","{""$ref"":""#/components/schemas/ReplenishmentRequestDto""}","200; 400; 401; 403; 404; 409; 500","200 application/json: {""$ref"":""#/components/schemas/ReplenishmentRequest""}; 400 application/json: {""$ref"":""#/components/schemas/ApiErrorResponse""}; 409 application/json: {""$ref"":""#/components/schemas/ApiErrorResponse""}; 500 application/json: {""$ref"":""#/components/schemas/ApiErrorResponse""}; 401 application/json: {""$ref"":""#/components/schemas/ApiErrorResponse""}; 403 application/json: {""$ref"":""#/components/schemas/ApiErrorResponse""}; 404 application/json: {""$ref"":""#/components/schemas/ApiErrorResponse""}","False","True"
"POST","/api/inventory/replenishments/{id}/review","Inventory","","application/json","{""$ref"":""#/components/schemas/ReplenishmentReviewRequest""}","200; 400; 401; 403; 404; 409; 500","200 application/json: {""$ref"":""#/components/schemas/ReplenishmentRequest""}; 400 application/json: {""$ref"":""#/components/schemas/ApiErrorResponse""}; 409 application/json: {""$ref"":""#/components/schemas/ApiErrorResponse""}; 500 application/json: {""$ref"":""#/components/schemas/ApiErrorResponse""}; 401 application/json: {""$ref"":""#/components/schemas/ApiErrorResponse""}; 403 application/json: {""$ref"":""#/components/schemas/ApiErrorResponse""}; 404 application/json: {""$ref"":""#/components/schemas/ApiErrorResponse""}","False","True"
"GET","/api/metadata/enums","Metadata","","","","200; 400; 401; 403; 404; 409; 500","200 application/json: {""type"":""object"",""additionalProperties"":{""type"":""array"",""items"":{""type"":""string""}}}; 400 application/json: {""$ref"":""#/components/schemas/ApiErrorResponse""}; 409 application/json: {""$ref"":""#/components/schemas/ApiErrorResponse""}; 500 application/json: {""$ref"":""#/components/schemas/ApiErrorResponse""}; 401 application/json: {""$ref"":""#/components/schemas/ApiErrorResponse""}; 403 application/json: {""$ref"":""#/components/schemas/ApiErrorResponse""}; 404 application/json: {""$ref"":""#/components/schemas/ApiErrorResponse""}","False","True"
"GET","/api/notifications","Notifications","unread; page; pageSize","","","200; 400; 401; 403; 404; 409; 500","200 application/json: {""$ref"":""#/components/schemas/PageResponseOfNotification""}; 400 application/json: {""$ref"":""#/components/schemas/ApiErrorResponse""}; 409 application/json: {""$ref"":""#/components/schemas/ApiErrorResponse""}; 500 application/json: {""$ref"":""#/components/schemas/ApiErrorResponse""}; 401 application/json: {""$ref"":""#/components/schemas/ApiErrorResponse""}; 403 application/json: {""$ref"":""#/components/schemas/ApiErrorResponse""}; 404 application/json: {""$ref"":""#/components/schemas/ApiErrorResponse""}","False","True"
"POST","/api/notifications/{id}/read","Notifications","","","","204; 400; 401; 403; 404; 409; 500","400 application/json: {""$ref"":""#/components/schemas/ApiErrorResponse""}; 409 application/json: {""$ref"":""#/components/schemas/ApiErrorResponse""}; 500 application/json: {""$ref"":""#/components/schemas/ApiErrorResponse""}; 401 application/json: {""$ref"":""#/components/schemas/ApiErrorResponse""}; 403 application/json: {""$ref"":""#/components/schemas/ApiErrorResponse""}; 404 application/json: {""$ref"":""#/components/schemas/ApiErrorResponse""}","False","True"
"GET","/api/registrations","Horse intake","status; page; pageSize","","","200; 400; 401; 403; 404; 409; 500","200 application/json: {""$ref"":""#/components/schemas/PageResponseOfHorseRegistration""}; 400 application/json: {""$ref"":""#/components/schemas/ApiErrorResponse""}; 409 application/json: {""$ref"":""#/components/schemas/ApiErrorResponse""}; 500 application/json: {""$ref"":""#/components/schemas/ApiErrorResponse""}; 401 application/json: {""$ref"":""#/components/schemas/ApiErrorResponse""}; 403 application/json: {""$ref"":""#/components/schemas/ApiErrorResponse""}; 404 application/json: {""$ref"":""#/components/schemas/ApiErrorResponse""}","False","True"
"POST","/api/registrations","Horse intake","","application/json","{""$ref"":""#/components/schemas/RegistrationRequest""}","201; 400; 401; 403; 404; 409; 500","201 application/json: {""$ref"":""#/components/schemas/HorseRegistration""}; 400 application/json: {""$ref"":""#/components/schemas/ApiErrorResponse""}; 409 application/json: {""$ref"":""#/components/schemas/ApiErrorResponse""}; 500 application/json: {""$ref"":""#/components/schemas/ApiErrorResponse""}; 401 application/json: {""$ref"":""#/components/schemas/ApiErrorResponse""}; 403 application/json: {""$ref"":""#/components/schemas/ApiErrorResponse""}; 404 application/json: {""$ref"":""#/components/schemas/ApiErrorResponse""}","False","True"
"GET","/api/registrations/{id}","Horse intake","","","","200; 400; 401; 403; 404; 409; 500","200 application/json: {""$ref"":""#/components/schemas/HorseRegistration""}; 400 application/json: {""$ref"":""#/components/schemas/ApiErrorResponse""}; 409 application/json: {""$ref"":""#/components/schemas/ApiErrorResponse""}; 500 application/json: {""$ref"":""#/components/schemas/ApiErrorResponse""}; 401 application/json: {""$ref"":""#/components/schemas/ApiErrorResponse""}; 403 application/json: {""$ref"":""#/components/schemas/ApiErrorResponse""}; 404 application/json: {""$ref"":""#/components/schemas/ApiErrorResponse""}","False","True"
"PUT","/api/registrations/{id}","Horse intake","","application/json","{""$ref"":""#/components/schemas/RegistrationRequest""}","200; 400; 401; 403; 404; 409; 500","200 application/json: {""$ref"":""#/components/schemas/HorseRegistration""}; 400 application/json: {""$ref"":""#/components/schemas/ApiErrorResponse""}; 409 application/json: {""$ref"":""#/components/schemas/ApiErrorResponse""}; 500 application/json: {""$ref"":""#/components/schemas/ApiErrorResponse""}; 401 application/json: {""$ref"":""#/components/schemas/ApiErrorResponse""}; 403 application/json: {""$ref"":""#/components/schemas/ApiErrorResponse""}; 404 application/json: {""$ref"":""#/components/schemas/ApiErrorResponse""}","False","True"
"POST","/api/registrations/{id}/cancel","Horse intake","","","","204; 400; 401; 403; 404; 409; 500","400 application/json: {""$ref"":""#/components/schemas/ApiErrorResponse""}; 409 application/json: {""$ref"":""#/components/schemas/ApiErrorResponse""}; 500 application/json: {""$ref"":""#/components/schemas/ApiErrorResponse""}; 401 application/json: {""$ref"":""#/components/schemas/ApiErrorResponse""}; 403 application/json: {""$ref"":""#/components/schemas/ApiErrorResponse""}; 404 application/json: {""$ref"":""#/components/schemas/ApiErrorResponse""}","False","True"
"POST","/api/registrations/{id}/review","Horse intake","","application/json","{""$ref"":""#/components/schemas/ReviewRequest""}","200; 400; 401; 403; 404; 409; 500","200 application/json: {""$ref"":""#/components/schemas/RegistrationReviewResponse""}; 400 application/json: {""$ref"":""#/components/schemas/ApiErrorResponse""}; 409 application/json: {""$ref"":""#/components/schemas/ApiErrorResponse""}; 500 application/json: {""$ref"":""#/components/schemas/ApiErrorResponse""}; 401 application/json: {""$ref"":""#/components/schemas/ApiErrorResponse""}; 403 application/json: {""$ref"":""#/components/schemas/ApiErrorResponse""}; 404 application/json: {""$ref"":""#/components/schemas/ApiErrorResponse""}","False","True"
"POST","/api/registrations/{id}/submit","Horse intake","","","","204; 400; 401; 403; 404; 409; 500","400 application/json: {""$ref"":""#/components/schemas/ApiErrorResponse""}; 409 application/json: {""$ref"":""#/components/schemas/ApiErrorResponse""}; 500 application/json: {""$ref"":""#/components/schemas/ApiErrorResponse""}; 401 application/json: {""$ref"":""#/components/schemas/ApiErrorResponse""}; 403 application/json: {""$ref"":""#/components/schemas/ApiErrorResponse""}; 404 application/json: {""$ref"":""#/components/schemas/ApiErrorResponse""}","False","True"
"GET","/api/registrations/{registrationId}/attachments","Attachments","","","","200; 400; 401; 403; 404; 409; 500","200 application/json: {""type"":""array"",""items"":{""$ref"":""#/components/schemas/AttachmentResponse""}}; 400 application/json: {""$ref"":""#/components/schemas/ApiErrorResponse""}; 409 application/json: {""$ref"":""#/components/schemas/ApiErrorResponse""}; 500 application/json: {""$ref"":""#/components/schemas/ApiErrorResponse""}; 401 application/json: {""$ref"":""#/components/schemas/ApiErrorResponse""}; 403 application/json: {""$ref"":""#/components/schemas/ApiErrorResponse""}; 404 application/json: {""$ref"":""#/components/schemas/ApiErrorResponse""}","False","True"
"POST","/api/registrations/{registrationId}/attachments","Attachments","","multipart/form-data","{""required"":[""file"",""type""],""type"":""object"",""properties"":{""file"":{""type"":""string"",""description"":""One PNG/JPEG image; registration attachments also allow PDF except HorsePhoto. File extension must match content."",""format"":""binary""},""type"":{""type"":""string"",""description"":""AttachmentType name (case-sensitive): HorsePhoto, Certificate, MedicalDocument""},""certificateNumber"":{""maxLength"":100,""type"":""string""},""issueDate"":{""type"":""string"",""format"":""date""},""expiryDate"":{""type"":""string"",""format"":""date""}}}","201; 400; 401; 403; 404; 409; 413; 429; 500","201 application/json: {""$ref"":""#/components/schemas/AttachmentCreatedResponse""}; 400 application/json: {""$ref"":""#/components/schemas/ApiErrorResponse""}; 409 application/json: {""$ref"":""#/components/schemas/ApiErrorResponse""}; 500 application/json: {""$ref"":""#/components/schemas/ApiErrorResponse""}; 401 application/json: {""$ref"":""#/components/schemas/ApiErrorResponse""}; 403 application/json: {""$ref"":""#/components/schemas/ApiErrorResponse""}; 404 application/json: {""$ref"":""#/components/schemas/ApiErrorResponse""}","False","True"
"GET","/api/registrations/{registrationId}/attachments/{id}","Attachments","","","","200; 400; 401; 403; 404; 409; 500","200 image/png: {""type"":""string"",""format"":""binary""}; 200 image/jpeg: {""type"":""string"",""format"":""binary""}; 200 application/pdf: {""type"":""string"",""format"":""binary""}; 400 application/json: {""$ref"":""#/components/schemas/ApiErrorResponse""}; 409 application/json: {""$ref"":""#/components/schemas/ApiErrorResponse""}; 500 application/json: {""$ref"":""#/components/schemas/ApiErrorResponse""}; 401 application/json: {""$ref"":""#/components/schemas/ApiErrorResponse""}; 403 application/json: {""$ref"":""#/components/schemas/ApiErrorResponse""}; 404 application/json: {""$ref"":""#/components/schemas/ApiErrorResponse""}","False","True"
"GET","/api/reports","Reports","horseId; from; to; groupBy","","","200; 400; 401; 403; 404; 409; 413; 500","200 application/json: {""$ref"":""#/components/schemas/ReportResponse""}; 400 application/json: {""$ref"":""#/components/schemas/ApiErrorResponse""}; 409 application/json: {""$ref"":""#/components/schemas/ApiErrorResponse""}; 500 application/json: {""$ref"":""#/components/schemas/ApiErrorResponse""}; 401 application/json: {""$ref"":""#/components/schemas/ApiErrorResponse""}; 403 application/json: {""$ref"":""#/components/schemas/ApiErrorResponse""}; 404 application/json: {""$ref"":""#/components/schemas/ApiErrorResponse""}; 413 application/json: {""$ref"":""#/components/schemas/ApiErrorResponse""}","False","True"
"GET","/api/staff","Staff","page; pageSize; role","","","200; 400; 401; 403; 404; 409; 500","200 application/json: {""$ref"":""#/components/schemas/PageResponseOfStaffResponse""}; 400 application/json: {""$ref"":""#/components/schemas/ApiErrorResponse""}; 409 application/json: {""$ref"":""#/components/schemas/ApiErrorResponse""}; 500 application/json: {""$ref"":""#/components/schemas/ApiErrorResponse""}; 401 application/json: {""$ref"":""#/components/schemas/ApiErrorResponse""}; 403 application/json: {""$ref"":""#/components/schemas/ApiErrorResponse""}; 404 application/json: {""$ref"":""#/components/schemas/ApiErrorResponse""}","False","True"
"POST","/api/staff","Staff","","application/json","{""$ref"":""#/components/schemas/StaffRequest""}","201; 400; 401; 403; 404; 409; 500","201 application/json: {""$ref"":""#/components/schemas/UserResponse""}; 400 application/json: {""$ref"":""#/components/schemas/ApiErrorResponse""}; 409 application/json: {""$ref"":""#/components/schemas/ApiErrorResponse""}; 500 application/json: {""$ref"":""#/components/schemas/ApiErrorResponse""}; 401 application/json: {""$ref"":""#/components/schemas/ApiErrorResponse""}; 403 application/json: {""$ref"":""#/components/schemas/ApiErrorResponse""}; 404 application/json: {""$ref"":""#/components/schemas/ApiErrorResponse""}","False","True"
"PUT","/api/staff/{id}/active","Staff","","application/json","{""$ref"":""#/components/schemas/ActiveRequest""}","204; 400; 401; 403; 404; 409; 500","400 application/json: {""$ref"":""#/components/schemas/ApiErrorResponse""}; 409 application/json: {""$ref"":""#/components/schemas/ApiErrorResponse""}; 500 application/json: {""$ref"":""#/components/schemas/ApiErrorResponse""}; 401 application/json: {""$ref"":""#/components/schemas/ApiErrorResponse""}; 403 application/json: {""$ref"":""#/components/schemas/ApiErrorResponse""}; 404 application/json: {""$ref"":""#/components/schemas/ApiErrorResponse""}","False","True"
"GET","/api/staff/directory","Staff","role; page; pageSize","","","200; 400; 401; 403; 404; 409; 500","200 application/json: {""$ref"":""#/components/schemas/PageResponseOfStaffDirectoryResponse""}; 400 application/json: {""$ref"":""#/components/schemas/ApiErrorResponse""}; 409 application/json: {""$ref"":""#/components/schemas/ApiErrorResponse""}; 500 application/json: {""$ref"":""#/components/schemas/ApiErrorResponse""}; 401 application/json: {""$ref"":""#/components/schemas/ApiErrorResponse""}; 403 application/json: {""$ref"":""#/components/schemas/ApiErrorResponse""}; 404 application/json: {""$ref"":""#/components/schemas/ApiErrorResponse""}","False","True"
"GET","/api/training/plans","Training","horseId; page; pageSize","","","200; 400; 401; 403; 404; 409; 500","200 application/json: {""$ref"":""#/components/schemas/PageResponseOfTrainingPlan""}; 400 application/json: {""$ref"":""#/components/schemas/ApiErrorResponse""}; 409 application/json: {""$ref"":""#/components/schemas/ApiErrorResponse""}; 500 application/json: {""$ref"":""#/components/schemas/ApiErrorResponse""}; 401 application/json: {""$ref"":""#/components/schemas/ApiErrorResponse""}; 403 application/json: {""$ref"":""#/components/schemas/ApiErrorResponse""}; 404 application/json: {""$ref"":""#/components/schemas/ApiErrorResponse""}","False","True"
"POST","/api/training/plans","Training","","application/json","{""$ref"":""#/components/schemas/PlanRequest""}","201; 400; 401; 403; 404; 409; 500","201 application/json: {""$ref"":""#/components/schemas/TrainingPlan""}; 400 application/json: {""$ref"":""#/components/schemas/ApiErrorResponse""}; 409 application/json: {""$ref"":""#/components/schemas/ApiErrorResponse""}; 500 application/json: {""$ref"":""#/components/schemas/ApiErrorResponse""}; 401 application/json: {""$ref"":""#/components/schemas/ApiErrorResponse""}; 403 application/json: {""$ref"":""#/components/schemas/ApiErrorResponse""}; 404 application/json: {""$ref"":""#/components/schemas/ApiErrorResponse""}","False","True"
"GET","/api/training/plans/{id}","Training","","","","200; 400; 401; 403; 404; 409; 500","200 application/json: {""$ref"":""#/components/schemas/PlanDetailResponse""}; 400 application/json: {""$ref"":""#/components/schemas/ApiErrorResponse""}; 409 application/json: {""$ref"":""#/components/schemas/ApiErrorResponse""}; 500 application/json: {""$ref"":""#/components/schemas/ApiErrorResponse""}; 401 application/json: {""$ref"":""#/components/schemas/ApiErrorResponse""}; 403 application/json: {""$ref"":""#/components/schemas/ApiErrorResponse""}; 404 application/json: {""$ref"":""#/components/schemas/ApiErrorResponse""}","False","True"
"PUT","/api/training/plans/{id}","Training","","application/json","{""$ref"":""#/components/schemas/PlanRequest""}","200; 400; 401; 403; 404; 409; 500","200 application/json: {""$ref"":""#/components/schemas/TrainingPlan""}; 400 application/json: {""$ref"":""#/components/schemas/ApiErrorResponse""}; 409 application/json: {""$ref"":""#/components/schemas/ApiErrorResponse""}; 500 application/json: {""$ref"":""#/components/schemas/ApiErrorResponse""}; 401 application/json: {""$ref"":""#/components/schemas/ApiErrorResponse""}; 403 application/json: {""$ref"":""#/components/schemas/ApiErrorResponse""}; 404 application/json: {""$ref"":""#/components/schemas/ApiErrorResponse""}","False","True"
"GET","/api/training/plans/{id}/history","Training","page; pageSize","","","200; 400; 401; 403; 404; 409; 500","200 application/json: {""$ref"":""#/components/schemas/PageResponseOfTrainingRevision""}; 400 application/json: {""$ref"":""#/components/schemas/ApiErrorResponse""}; 409 application/json: {""$ref"":""#/components/schemas/ApiErrorResponse""}; 500 application/json: {""$ref"":""#/components/schemas/ApiErrorResponse""}; 401 application/json: {""$ref"":""#/components/schemas/ApiErrorResponse""}; 403 application/json: {""$ref"":""#/components/schemas/ApiErrorResponse""}; 404 application/json: {""$ref"":""#/components/schemas/ApiErrorResponse""}","False","True"
"POST","/api/training/plans/{id}/sessions","Training","","application/json","{""$ref"":""#/components/schemas/SessionRequest""}","201; 400; 401; 403; 404; 409; 500","201 application/json: {""$ref"":""#/components/schemas/TrainingSession""}; 400 application/json: {""$ref"":""#/components/schemas/ApiErrorResponse""}; 409 application/json: {""$ref"":""#/components/schemas/ApiErrorResponse""}; 500 application/json: {""$ref"":""#/components/schemas/ApiErrorResponse""}; 401 application/json: {""$ref"":""#/components/schemas/ApiErrorResponse""}; 403 application/json: {""$ref"":""#/components/schemas/ApiErrorResponse""}; 404 application/json: {""$ref"":""#/components/schemas/ApiErrorResponse""}","False","True"
"PUT","/api/training/plans/{id}/status","Training","","application/json","{""$ref"":""#/components/schemas/PlanStatusRequest""}","200; 400; 401; 403; 404; 409; 500","200 application/json: {""$ref"":""#/components/schemas/TrainingPlan""}; 400 application/json: {""$ref"":""#/components/schemas/ApiErrorResponse""}; 409 application/json: {""$ref"":""#/components/schemas/ApiErrorResponse""}; 500 application/json: {""$ref"":""#/components/schemas/ApiErrorResponse""}; 401 application/json: {""$ref"":""#/components/schemas/ApiErrorResponse""}; 403 application/json: {""$ref"":""#/components/schemas/ApiErrorResponse""}; 404 application/json: {""$ref"":""#/components/schemas/ApiErrorResponse""}","False","True"
"GET","/api/training/sessions","Training","horseId; status; from; to; page; pageSize","","","200; 400; 401; 403; 404; 409; 500","200 application/json: {""$ref"":""#/components/schemas/PageResponseOfTrainingSession""}; 400 application/json: {""$ref"":""#/components/schemas/ApiErrorResponse""}; 409 application/json: {""$ref"":""#/components/schemas/ApiErrorResponse""}; 500 application/json: {""$ref"":""#/components/schemas/ApiErrorResponse""}; 401 application/json: {""$ref"":""#/components/schemas/ApiErrorResponse""}; 403 application/json: {""$ref"":""#/components/schemas/ApiErrorResponse""}; 404 application/json: {""$ref"":""#/components/schemas/ApiErrorResponse""}","False","True"
"GET","/api/training/sessions/{id}","Training","","","","200; 400; 401; 403; 404; 409; 500","200 application/json: {""$ref"":""#/components/schemas/SessionDetailResponse""}; 400 application/json: {""$ref"":""#/components/schemas/ApiErrorResponse""}; 409 application/json: {""$ref"":""#/components/schemas/ApiErrorResponse""}; 500 application/json: {""$ref"":""#/components/schemas/ApiErrorResponse""}; 401 application/json: {""$ref"":""#/components/schemas/ApiErrorResponse""}; 403 application/json: {""$ref"":""#/components/schemas/ApiErrorResponse""}; 404 application/json: {""$ref"":""#/components/schemas/ApiErrorResponse""}","False","True"
"PUT","/api/training/sessions/{id}","Training","","application/json","{""$ref"":""#/components/schemas/SessionRequest""}","200; 400; 401; 403; 404; 409; 500","200 application/json: {""$ref"":""#/components/schemas/TrainingSession""}; 400 application/json: {""$ref"":""#/components/schemas/ApiErrorResponse""}; 409 application/json: {""$ref"":""#/components/schemas/ApiErrorResponse""}; 500 application/json: {""$ref"":""#/components/schemas/ApiErrorResponse""}; 401 application/json: {""$ref"":""#/components/schemas/ApiErrorResponse""}; 403 application/json: {""$ref"":""#/components/schemas/ApiErrorResponse""}; 404 application/json: {""$ref"":""#/components/schemas/ApiErrorResponse""}","False","True"
"POST","/api/training/sessions/{id}/assign","Training","","application/json","{""$ref"":""#/components/schemas/RiderRequest""}","200; 400; 401; 403; 404; 409; 500","200 application/json: {""$ref"":""#/components/schemas/TrainingSession""}; 400 application/json: {""$ref"":""#/components/schemas/ApiErrorResponse""}; 409 application/json: {""$ref"":""#/components/schemas/ApiErrorResponse""}; 500 application/json: {""$ref"":""#/components/schemas/ApiErrorResponse""}; 401 application/json: {""$ref"":""#/components/schemas/ApiErrorResponse""}; 403 application/json: {""$ref"":""#/components/schemas/ApiErrorResponse""}; 404 application/json: {""$ref"":""#/components/schemas/ApiErrorResponse""}","False","True"
"POST","/api/training/sessions/{id}/evaluation","Training","","application/json","{""$ref"":""#/components/schemas/EvaluationRequest""}","200; 400; 401; 403; 404; 409; 500","200 application/json: {""$ref"":""#/components/schemas/TrainerEvaluation""}; 400 application/json: {""$ref"":""#/components/schemas/ApiErrorResponse""}; 409 application/json: {""$ref"":""#/components/schemas/ApiErrorResponse""}; 500 application/json: {""$ref"":""#/components/schemas/ApiErrorResponse""}; 401 application/json: {""$ref"":""#/components/schemas/ApiErrorResponse""}; 403 application/json: {""$ref"":""#/components/schemas/ApiErrorResponse""}; 404 application/json: {""$ref"":""#/components/schemas/ApiErrorResponse""}","False","True"
"POST","/api/training/sessions/{id}/results","Training","","application/json","{""$ref"":""#/components/schemas/ResultRequest""}","200; 400; 401; 403; 404; 409; 500","200 application/json: {""$ref"":""#/components/schemas/SessionResult""}; 400 application/json: {""$ref"":""#/components/schemas/ApiErrorResponse""}; 409 application/json: {""$ref"":""#/components/schemas/ApiErrorResponse""}; 500 application/json: {""$ref"":""#/components/schemas/ApiErrorResponse""}; 401 application/json: {""$ref"":""#/components/schemas/ApiErrorResponse""}; 403 application/json: {""$ref"":""#/components/schemas/ApiErrorResponse""}; 404 application/json: {""$ref"":""#/components/schemas/ApiErrorResponse""}","False","True"
"POST","/api/training/sessions/{id}/skip","Training","","application/json","{""$ref"":""#/components/schemas/ReasonRequest""}","204; 400; 401; 403; 404; 409; 500","400 application/json: {""$ref"":""#/components/schemas/ApiErrorResponse""}; 409 application/json: {""$ref"":""#/components/schemas/ApiErrorResponse""}; 500 application/json: {""$ref"":""#/components/schemas/ApiErrorResponse""}; 401 application/json: {""$ref"":""#/components/schemas/ApiErrorResponse""}; 403 application/json: {""$ref"":""#/components/schemas/ApiErrorResponse""}; 404 application/json: {""$ref"":""#/components/schemas/ApiErrorResponse""}","False","True"
"POST","/api/training/sessions/{id}/start","Training","","","","204; 400; 401; 403; 404; 409; 500","400 application/json: {""$ref"":""#/components/schemas/ApiErrorResponse""}; 409 application/json: {""$ref"":""#/components/schemas/ApiErrorResponse""}; 500 application/json: {""$ref"":""#/components/schemas/ApiErrorResponse""}; 401 application/json: {""$ref"":""#/components/schemas/ApiErrorResponse""}; 403 application/json: {""$ref"":""#/components/schemas/ApiErrorResponse""}; 404 application/json: {""$ref"":""#/components/schemas/ApiErrorResponse""}","False","True"
"GET","/api/training/templates","Training","page; pageSize","","","200; 400; 401; 403; 404; 409; 500","200 application/json: {""$ref"":""#/components/schemas/PageResponseOfTrainingTemplate""}; 400 application/json: {""$ref"":""#/components/schemas/ApiErrorResponse""}; 409 application/json: {""$ref"":""#/components/schemas/ApiErrorResponse""}; 500 application/json: {""$ref"":""#/components/schemas/ApiErrorResponse""}; 401 application/json: {""$ref"":""#/components/schemas/ApiErrorResponse""}; 403 application/json: {""$ref"":""#/components/schemas/ApiErrorResponse""}; 404 application/json: {""$ref"":""#/components/schemas/ApiErrorResponse""}","False","True"
"POST","/api/training/templates","Training","","application/json","{""$ref"":""#/components/schemas/TemplateRequest""}","201; 400; 401; 403; 404; 409; 500","201 application/json: {""$ref"":""#/components/schemas/TrainingTemplate""}; 400 application/json: {""$ref"":""#/components/schemas/ApiErrorResponse""}; 409 application/json: {""$ref"":""#/components/schemas/ApiErrorResponse""}; 500 application/json: {""$ref"":""#/components/schemas/ApiErrorResponse""}; 401 application/json: {""$ref"":""#/components/schemas/ApiErrorResponse""}; 403 application/json: {""$ref"":""#/components/schemas/ApiErrorResponse""}; 404 application/json: {""$ref"":""#/components/schemas/ApiErrorResponse""}","False","True"
"PUT","/api/training/templates/{id}","Training","","application/json","{""$ref"":""#/components/schemas/TemplateRequest""}","200; 400; 401; 403; 404; 409; 500","200 application/json: {""$ref"":""#/components/schemas/TrainingTemplate""}; 400 application/json: {""$ref"":""#/components/schemas/ApiErrorResponse""}; 409 application/json: {""$ref"":""#/components/schemas/ApiErrorResponse""}; 500 application/json: {""$ref"":""#/components/schemas/ApiErrorResponse""}; 401 application/json: {""$ref"":""#/components/schemas/ApiErrorResponse""}; 403 application/json: {""$ref"":""#/components/schemas/ApiErrorResponse""}; 404 application/json: {""$ref"":""#/components/schemas/ApiErrorResponse""}","False","True"
"POST","/api/training/templates/{id}/archive","Training","","","","204; 400; 401; 403; 404; 409; 500","400 application/json: {""$ref"":""#/components/schemas/ApiErrorResponse""}; 409 application/json: {""$ref"":""#/components/schemas/ApiErrorResponse""}; 500 application/json: {""$ref"":""#/components/schemas/ApiErrorResponse""}; 401 application/json: {""$ref"":""#/components/schemas/ApiErrorResponse""}; 403 application/json: {""$ref"":""#/components/schemas/ApiErrorResponse""}; 404 application/json: {""$ref"":""#/components/schemas/ApiErrorResponse""}","False","True"
"GET","/health","Health","","","","200; 503","200 application/json: {""$ref"":""#/components/schemas/HealthResponse""}","False","False"
